|名称=	|よみ=	|所在地=	|電話番号=	|FAX=	|URL=	|備考=				
横須賀市立横須賀総合高等学校	よこすかしりつよこすかそうごうこうとうがっこう	〒239-0831 神奈川県横須賀市久里浜6-1-1	046-833-4111	046-833-4555	http://schoolnet.edu.city.yokosuka.kanagawa.jp/schoolnet/highschool/301sougou/index.html	(全日制・定時制)総合学科	[[Category:神奈川県]]	[[Category:図書館]]	[[Category:学校図書館]]	[[Category:高等学校]]
横浜市立みなと総合高等学校	よこはましりつみなとそうごうこうとうがっこう	〒231-0023 神奈川県横浜市中区山下町231	045-662-3710	045-663-2495	http://www.edu.city.yokohama.jp/sch/hs/m-sogo/	(全日制)総合学科	[[Category:神奈川県]]	[[Category:図書館]]	[[Category:学校図書館]]	[[Category:高等学校]]
横浜市立横浜サイエンスフロンティア高等学校	よこはましりつよこはまさいえんすふろんてぃあこうとうがっこう	〒230-0046 神奈川県横浜市鶴見区小野町6	045-511-3654	045-511-3644	http://www.city.yokohama.jp/me/kyoiku/sidou2/koukou/sfh/	(全日制)理数科	[[Category:神奈川県]]	[[Category:図書館]]	[[Category:学校図書館]]	[[Category:高等学校]]
横浜市立横浜商業高等学校	よこはましりつよこはましょうぎょうこうとうがっこう	〒232-0006 神奈川県横浜市南区南太田2-30-1	045-713-2323	045-713-3969	http://www.edu.city.yokohama.jp/sch/hs/y-shogyo/	(全日制)商業科・国際科 <br/>別科：[[横浜市立横浜商業高等学校別科]]	[[Category:神奈川県]]	[[Category:図書館]]	[[Category:学校図書館]]	[[Category:高等学校]]
横浜市立横浜商業高等学校別科	よこはましりつよこはましょうぎょうこうとうがっこうべっか	〒235-0011 神奈川県横浜市磯子区丸山1-22-21	045-751-5151	045-754-6739	http://www.edu.city.yokohama.jp/sch/hs/y-sho-bekka/	(全日制)理容科・美容科<br/>本校：[[横浜市立横浜商業高校]]	[[Category:神奈川県]]	[[Category:図書館]]	[[Category:学校図書館]]	[[Category:高等学校]]
横浜市立横浜総合高等学校	よこはましりつよこはまそうごうこうとうがっこう	〒231-0028 神奈川県横浜市中区翁町2-9-10	045-641-1725	045-641-2058	http://www.edu.city.yokohama.jp/sch/hs/y-sogo/	(定時制)総合学科	[[Category:神奈川県]]	[[Category:図書館]]	[[Category:学校図書館]]	[[Category:高等学校]]
横浜市立金沢高等学校	よこはましりつかなざわこうとうがっこう	〒236-0027 神奈川県横浜市金沢区瀬戸22-1	045-781-5761	045-788-5150	http://www.edu.city.yokohama.jp/sch/hs/kanazawa/	(全日制)普通科	[[Category:神奈川県]]	[[Category:図書館]]	[[Category:学校図書館]]	[[Category:高等学校]]
横浜市立戸塚高等学校	よこはましりつとつかこうとうがっこう	〒245-8588 神奈川県横浜市戸塚区汲沢2-27-1	(全日制)045-871-0301 / (定時制)045-862-5396	045-871-0086	http://www.edu.city.yokohama.jp/sch/hs/totsuka/	(全日制・定時制)普通科	[[Category:神奈川県]]	[[Category:図書館]]	[[Category:学校図書館]]	[[Category:高等学校]]
横浜市立桜丘高等学校	よこはましりつさくらがおかこうとうがっこう	〒240-0011 神奈川県横浜市保土ヶ谷区桜ヶ丘2-15-1	045-331-5021	045-332-6039	http://www.edu.city.yokohama.jp/sch/hs/sakura/	(全日制)普通科	[[Category:神奈川県]]	[[Category:図書館]]	[[Category:学校図書館]]	[[Category:高等学校]]
横浜市立東高等学校	よこはましりつひがしこうとうがっこう	〒230-0076 神奈川県横浜市鶴見区馬場3-5-1	045-571-0851	045-585-5780	http://www.edu.city.yokohama.jp/sch/hs/higashi/	(全日制)普通科	[[Category:神奈川県]]	[[Category:図書館]]	[[Category:学校図書館]]	[[Category:高等学校]]
横浜市立南高等学校	よこはましりつみなみこうとうがっこう	〒233-0011 神奈川県横浜市港南区東永谷2-1-1	045-822-1910	045-826-0818	http://www.edu.city.yokohama.jp/sch/hs/minami/	(全日制)普通科	[[Category:神奈川県]]	[[Category:図書館]]	[[Category:学校図書館]]	[[Category:高等学校]]
神奈川県立愛川高等学校	かながわけんりつあいかわこうとうがっこう	〒243-0308 神奈川県愛甲郡愛川町三増822-1	046-286-2871	046-286-5494	http://www.aikawa-h.pen-kanagawa.ed.jp/	(全日制)普通科	[[Category:神奈川県]]	[[Category:図書館]]	[[Category:学校図書館]]	[[Category:高等学校]]
神奈川県立旭高等学校	かながわけんりつあさひこうとうがっこう	〒241-0806 神奈川県横浜市旭区下川井町2247	045-953-3301	045-951-3117	http://www.asahi-h.pen-kanagawa.ed.jp/	(全日制)普通科	[[Category:神奈川県]]	[[Category:図書館]]	[[Category:学校図書館]]	[[Category:高等学校]]
神奈川県立綾瀬高等学校	かながわけんりつあやせこうとうがっこう	〒252-1134 神奈川県綾瀬市寺尾南1-4-1	0467-76-1400	0467-76-8241	http://www.ayase-h.pen-kanagawa.ed.jp/	(全日制)普通科	[[Category:神奈川県]]	[[Category:図書館]]	[[Category:学校図書館]]	[[Category:高等学校]]
神奈川県立綾瀬西高等学校	かながわけんりつあやせにしこうとうがっこう	〒252-1123 神奈川県綾瀬市早川1485-1	0467-77-5121	0467-76-8199	http://www.ayasenishi-h.pen-kanagawa.ed.jp/	(全日制)普通科	[[Category:神奈川県]]	[[Category:図書館]]	[[Category:学校図書館]]	[[Category:高等学校]]
神奈川県立伊志田高等学校	かながわけんりついしだこうとうがっこう	〒259-1116 神奈川県伊勢原市石田1356-1	0463-93-5613	0463-96-2961	http://www.ishida-h.pen-kanagawa.ed.jp/	(全日制)普通科	[[Category:神奈川県]]	[[Category:図書館]]	[[Category:学校図書館]]	[[Category:高等学校]]
神奈川県立伊勢原高等学校	かながわけんりついせはらこうとうがっこう	〒259-1142 神奈川県伊勢原市田中1008-3	(全日制)045-391-0061 / (定時制)045-361-5880 	045-361-9789	http://www.isehara-h.pen-kanagawa.ed.jp/	(全日制)普通科 / (定時制)普通科	[[Category:神奈川県]]	[[Category:図書館]]	[[Category:学校図書館]]	[[Category:高等学校]]
神奈川県立磯子工業高等学校	かながわけんりついそごこうぎょうこうとうがっこう	〒235-0023 神奈川県横浜市磯子区森5-24-1	(全日制)045-761-0251 / (定時制)045-761-1451 	045-754-3171	http://www.isogo-th.pen-kanagawa.ed.jp/	(全日制)機械科・電気科・科学科 / (定時制)総合学科	[[Category:神奈川県]]	[[Category:図書館]]	[[Category:学校図書館]]	[[Category:高等学校]]
神奈川県立磯子高等学校	かながわけんりついそごこうとうがっこう	〒235-0042 神奈川県横浜市磯子区上中里町444	045-772-0166	045-776-2439	http://www.isogo-h.pen-kanagawa.ed.jp/	(全日制)普通科	[[Category:神奈川県]]	[[Category:図書館]]	[[Category:学校図書館]]	[[Category:高等学校]]
神奈川県立荏田高等学校	かながわけんりつえだこうとうがっこう	〒224-0007 神奈川県横浜市都筑区荏田南3-9-1	045-941-3111	045-942-0814	http://www.eda-h.pen-kanagawa.ed.jp/	(全日制)普通科	[[Category:神奈川県]]	[[Category:図書館]]	[[Category:学校図書館]]	[[Category:高等学校]]
神奈川県立永谷高等学校	かながわけんりつながやこうとうがっこう	〒233-0016 神奈川県横浜市港南区下永谷1-28-1	045-824-2126	045-825-3605	http://www.nagaya-h.pen-kanagawa.ed.jp/	(全日制)普通科	[[Category:神奈川県]]	[[Category:図書館]]	[[Category:学校図書館]]	[[Category:高等学校]]
神奈川県立横須賀工業高等学校	かながわけんりつよこすかこうぎょうこうとうがっこう	〒238-0022 神奈川県横須賀市公郷町4-10	046-851-2122	046-851-5643	http://www.yokosuka-th.pen-kanagawa.ed.jp/	(全日制)機械科・電気科・科学科	[[Category:神奈川県]]	[[Category:図書館]]	[[Category:学校図書館]]	[[Category:高等学校]]
神奈川県立横須賀高等学校	かながわけんりつよこすかこうとうがっこう	〒238-0022 神奈川県横須賀市公郷町3-109	(全日制)042-784-1053 / (定時制)042-784-7368	042-784-7960	http://www.yokosuka-h.pen-kanagawa.ed.jp/	(全日制)普通科 / (定時制)普通科	[[Category:神奈川県]]	[[Category:図書館]]	[[Category:学校図書館]]	[[Category:高等学校]]
神奈川県立横須賀大津高等学校	かながわけんりつよこすかおおつこうとうがっこう	〒239-0808 神奈川県横須賀市大津町4-17-1	046-836-0281	046-836-8879	http://www.yokosukaotsu-h.pen-kanagawa.ed.jp/	(全日制)普通科	[[Category:神奈川県]]	[[Category:図書館]]	[[Category:学校図書館]]	[[Category:高等学校]]
神奈川県立横須賀明光高等学校	かながわけんりつよこすかめいこうこうとうがっこう	〒239-0835 神奈川県横須賀市佐原4-20-1	046-834-5671	046-834-3564	http://www.yokosukameiko-h.pen-kanagawa.ed.jp/	(全日制)国際学科・福祉科	[[Category:神奈川県]]	[[Category:図書館]]	[[Category:学校図書館]]	[[Category:高等学校]]
神奈川県立横浜旭陵高等学校	かながわけんりつよこはまきょくりょうこうとうがっこう	〒241-0001 神奈川県横浜市旭区上白根町1161-7	045-953-1004	045-951-3151	http://www.y-kyokuryo-h.pen-kanagawa.ed.jp/	(全日制)普通科	[[Category:神奈川県]]	[[Category:図書館]]	[[Category:学校図書館]]	[[Category:高等学校]]
神奈川県立横浜栄高等学校	かながわけんりつよこはまさかえこうとうがっこう	〒247-0013 神奈川県横浜市栄区上郷町555	045-891-5581	045-895-0587	http://www.yokohamasakae-h.pen-kanagawa.ed.jp/	(全日制)普通科	[[Category:神奈川県]]	[[Category:図書館]]	[[Category:学校図書館]]	[[Category:高等学校]]
神奈川県立横浜国際高等学校	かながわけんりつよこはまこくさいこうとうがっこう	〒232-0066 神奈川県横浜市南区六ッ川1-731	045-721-1434	045-742-9493	http://www.yokohamakokusai-h.pen-kanagawa.ed.jp/	(全日制)国際情報科	[[Category:神奈川県]]	[[Category:図書館]]	[[Category:学校図書館]]	[[Category:高等学校]]
神奈川県立横浜桜陽高等学校	かながわけんりつよこはまおうようこうとうがっこう	〒245-0062 神奈川県横浜市戸塚区汲沢町973	045-862-9343	045-862-6364	http://www.y-oyo-h.pen-kanagawa.ed.jp/	(全日制)普通科	[[Category:神奈川県]]	[[Category:図書館]]	[[Category:学校図書館]]	[[Category:高等学校]]
神奈川県立横浜修悠館高等学校	かながわけんりつよこはましゅうゆうかんこうとうがっこう	〒245-0016 神奈川県横浜市泉区和泉町2563	045-800-3711	045-802-3773	http://www.y-shuyukan-h.pen-kanagawa.ed.jp/	(通信制)普通科	[[Category:神奈川県]]	[[Category:図書館]]	[[Category:学校図書館]]	[[Category:高等学校]]
神奈川県立横浜翠嵐高等学校	かながわけんりつよこはますいらんこうとうがっこう	〒221-0854 神奈川県横浜市神奈川区三ツ沢南町1-1	(全日制)045-311-4621 / (定時制)045-311-5825 	045-312-9142	http://www.yokohamasuiran-h.pen-kanagawa.ed.jp/	(全日制)普通科 / (定時制)普通科	[[Category:神奈川県]]	[[Category:図書館]]	[[Category:学校図書館]]	[[Category:高等学校]]
神奈川県立横浜清陵総合高等学校	かながわけんりつよこはませいりょうそうごうこうとうがっこう	〒232-0007 神奈川県横浜市南区清水ケ丘41	045-242-1926	045-253-6393	http://www.yokohamaseiryosogo-ih.pen-kanagawa.ed.jp/	(全日制)総合学科	[[Category:神奈川県]]	[[Category:図書館]]	[[Category:学校図書館]]	[[Category:高等学校]]
神奈川県立横浜南陵高等学校	かながわけんりつよこはまなんりょうこうとうがっこう	〒234-0053 神奈川県横浜市港南区日野中央2-26-1	045-842-3764	045-846-6856	http://www.y-nanryo-h.pen-kanagawa.ed.jp/	(全日制)普通科	[[Category:神奈川県]]	[[Category:図書館]]	[[Category:学校図書館]]	[[Category:高等学校]]
神奈川県立横浜平沼高等学校	かながわけんりつよこはまひらぬまこうとうがっこう	〒220-0073 神奈川県横浜市西区岡野1-5-8	045-313-9200	045-311-0519	http://www.yokohamahiranuma-h.pen-kanagawa.ed.jp/	(全日制)普通科	[[Category:神奈川県]]	[[Category:図書館]]	[[Category:学校図書館]]	[[Category:高等学校]]
神奈川県立横浜立野高等学校	かながわけんりつよこはまたてのこうとうがっこう	〒234-0054 神奈川県横浜市港南区港南台9-18-1	045-832-6980	045-832-6983	http://www.y-tateno-h.pen-kanagawa.ed.jp/	(全日制)普通科	[[Category:神奈川県]]	[[Category:図書館]]	[[Category:学校図書館]]	[[Category:高等学校]]
神奈川県立横浜緑ケ丘高等学校	かながわけんりつよこはまみどりがおかこうとうがっこう	〒231-0832 神奈川県横浜市中区本牧緑ヶ丘37	045-621-8641	045-624-0765	http://www.y-midorigaoka-h.pen-kanagawa.ed.jp/	(全日制)普通科	[[Category:神奈川県]]	[[Category:図書館]]	[[Category:学校図書館]]	[[Category:高等学校]]
神奈川県立横浜緑園総合高等学校	かながわけんりつよこはまりょくえんそうごうこうとうがっこう	〒245-0003 神奈川県横浜市泉区岡津町2667	045-812-3371	045-813-1431	http://www.y-ryokuensogo-ih.pen-kanagawa.ed.jp/	(全日制)総合学科	[[Category:神奈川県]]	[[Category:図書館]]	[[Category:学校図書館]]	[[Category:高等学校]]
神奈川県立海洋科学高等学校	かながわけんりつかいようかがくこうとうがっこう	〒240-0101 神奈川県横須賀市長坂1-2-1	046-856-3128	046-857-6457	http://www.kaiyokagaku-h.pen-kanagawa.ed.jp/	(全日制)海洋科学科	[[Category:神奈川県]]	[[Category:図書館]]	[[Category:学校図書館]]	[[Category:高等学校]]
神奈川県立海老名高等学校	かながわけんりつえびなこうとうがっこう	〒243-0422 神奈川県海老名市中新田1-26-1	046-232-2231	046-231-1762	http://www.ebina-h.pen-kanagawa.ed.jp/	(全日制)普通科	[[Category:神奈川県]]	[[Category:図書館]]	[[Category:学校図書館]]	[[Category:高等学校]]
神奈川県立釜利谷高等学校	かながわけんりつかまりやこうとうがっこう	〒236-0042 神奈川県横浜市金沢区釜利谷東4-58-1	045-785-1670	045-786-4188	http://www.kamariya-h.pen-kanagawa.ed.jp/	(全日制)普通科	[[Category:神奈川県]]	[[Category:図書館]]	[[Category:学校図書館]]	[[Category:高等学校]]
神奈川県立鎌倉高等学校	かながわけんりつかまくらこうとうがっこう	〒248-0026 神奈川県鎌倉市七里ガ浜2-21-1	0467-32-4851	0467-31-1669	http://www.kamakura-h.pen-kanagawa.ed.jp/	(全日制)普通科	[[Category:神奈川県]]	[[Category:図書館]]	[[Category:学校図書館]]	[[Category:高等学校]]
神奈川県立茅ケ崎高等学校	かながわけんりつちがさきこうとうがっこう	〒253-0042 神奈川県茅ヶ崎市本村3-4-1	(全日制)044-344-5821 / (定時制)044-344-6857 	044-344-9140	http://www.chigasaki-h.pen-kanagawa.ed.jp/	(全日制)普通科 / (定時制)普通科	[[Category:神奈川県]]	[[Category:図書館]]	[[Category:学校図書館]]	[[Category:高等学校]]
神奈川県立茅ケ崎西浜高等学校	かながわけんりつちがさきにしはまこうとうがっこう	〒253-0061 神奈川県茅ヶ崎市南湖7-12869-11	0467-85-0008	0467-87-7899	http://www.chigasakinishihama-h.pen-kanagawa.ed.jp/	(全日制)普通科	[[Category:神奈川県]]	[[Category:図書館]]	[[Category:学校図書館]]	[[Category:高等学校]]
神奈川県立茅ケ崎北陵高等学校	かながわけんりつちがさきほくりょうこうとうがっこう	〒253-0081 神奈川県茅ヶ崎市下寺尾128	0467-51-0311	0467-54-2160	http://www.chigasakihokuryo-h.pen-kanagawa.ed.jp/	(全日制)普通科	[[Category:神奈川県]]	[[Category:図書館]]	[[Category:学校図書館]]	[[Category:高等学校]]
神奈川県立寒川高等学校	かながわけんりつさむかわこうとうがっこう	〒253-0111 神奈川県高座郡寒川町一之宮9-30-1	0467-74-2312	0467-74-9012	http://www.samukawa-h.pen-kanagawa.ed.jp/	(全日制)普通科	[[Category:神奈川県]]	[[Category:図書館]]	[[Category:学校図書館]]	[[Category:高等学校]]
神奈川県立岸根高等学校	かながわけんりつきしねこうとうがっこう	〒222-0034 神奈川県横浜市港北区岸根町370	045-401-7872	045-402-8406	http://www.kishine-h.pen-kanagawa.ed.jp/	(全日制)普通科	[[Category:神奈川県]]	[[Category:図書館]]	[[Category:学校図書館]]	[[Category:高等学校]]
神奈川県立希望ケ丘高等学校	かながわけんりつきぼうがおかこうとうがっこう	〒241-0824 神奈川県横浜市旭区南希望が丘79-1	(全日制)0467-52-2225 / (定時制)0467-54-1922	0467-54-2117	http://www.kibogaoka-h.pen-kanagawa.ed.jp/	(全日制)普通科 / (定時制)普通科	[[Category:神奈川県]]	[[Category:図書館]]	[[Category:学校図書館]]	[[Category:高等学校]]
神奈川県立吉田島総合高等学校	かながわけんりつよしだじまそうごうこうとうがっこう	〒258-0021 神奈川県足柄上郡開成町吉田島281	0465-82-0151	0465-82-7684	http://www.yoshidajimasogo-ih.pen-kanagawa.ed.jp/	(全日制)総合学科	[[Category:神奈川県]]	[[Category:図書館]]	[[Category:学校図書館]]	[[Category:高等学校]]
神奈川県立橋本高等学校	かながわけんりつはしもとこうとうがっこう	〒252-0143 神奈川県相模原市緑区橋本8-8-1	042-774-0611	042-771-1176	http://www.hashimoto-h.pen-kanagawa.ed.jp/	(全日制)普通科	[[Category:神奈川県]]	[[Category:図書館]]	[[Category:学校図書館]]	[[Category:高等学校]]
神奈川県立金井高等学校	かながわけんりつかないこうとうがっこう	〒244-0845 神奈川県横浜市栄区金井町100	045-852-4721	045-852-7748	http://www.kanai-h.pen-kanagawa.ed.jp/	(全日制)普通科	[[Category:神奈川県]]	[[Category:図書館]]	[[Category:学校図書館]]	[[Category:高等学校]]
神奈川県立金沢総合高等学校	かながわけんりつかなざわそうごうこうとうがっこう	〒236-0051 神奈川県横浜市金沢区富岡東6-34-1	045-773-6771	045-776-2406	http://www.kanazawasogo-ih.pen-kanagawa.ed.jp/	(全日制)総合学科	[[Category:神奈川県]]	[[Category:図書館]]	[[Category:学校図書館]]	[[Category:高等学校]]
神奈川県立元石川高等学校	かながわけんりつもといしかわこうとうがっこう	〒225-0004 神奈川県横浜市青葉区元石川町4116	045-902-2692	045-902-8948	http://www.motoishikawa-h.pen-kanagawa.ed.jp/	(全日制)普通科	[[Category:神奈川県]]	[[Category:図書館]]	[[Category:学校図書館]]	[[Category:高等学校]]
神奈川県立光陵高等学校	かながわけんりつこうりょうこうとうがっこう	〒240-0026 神奈川県横浜市保土ヶ谷区権太坂1-7-1	045-712-5577	045-742-9717	http://www.koryo-h.pen-kanagawa.ed.jp/	(全日制)普通科	[[Category:神奈川県]]	[[Category:図書館]]	[[Category:学校図書館]]	[[Category:高等学校]]
神奈川県立厚木高等学校	かながわけんりつあつぎこうとうがっこう	〒243-0031 神奈川県厚木市戸室2-24-1	046-221-4078	046-222-8243	http://www.atsugi-h.pen-kanagawa.ed.jp/	(全日制)普通科	[[Category:神奈川県]]	[[Category:図書館]]	[[Category:学校図書館]]	[[Category:高等学校]]
神奈川県立厚木商業高等学校	かながわけんりつあつぎしょうぎょうこうとうがっこう	〒243-0817 神奈川県厚木市王子3-1-1	046-223-6669	046-222-8244	http://www.atsugi-ch.pen-kanagawa.ed.jp/	(全日制)商業科・情報処理科・国際経済科	[[Category:神奈川県]]	[[Category:図書館]]	[[Category:学校図書館]]	[[Category:高等学校]]
神奈川県立厚木清南高等学校	かながわけんりつあつぎせいなんこうとうがっこう	〒243-0021 神奈川県厚木市岡田1-12-1	(全日制)046-228-2015 / (定時制)046-228-1608 / (通信制)046-228-1612	046-229-2674	http://www.atsugiseinan-h.pen-kanagawa.ed.jp/	(全日制・定時制・通信制)普通科	[[Category:神奈川県]]	[[Category:図書館]]	[[Category:学校図書館]]	[[Category:高等学校]]
神奈川県立厚木西高等学校	かながわけんりつあつぎにしこうとうがっこう	〒243-0123 神奈川県厚木市森の里青山12-1	046-248-1705	046-248-7461	http://www.atsuginishi-h.pen-kanagawa.ed.jp/	(全日制)普通科	[[Category:神奈川県]]	[[Category:図書館]]	[[Category:学校図書館]]	[[Category:高等学校]]
神奈川県立厚木東高等学校	かながわけんりつあつぎひがしこうとうがっこう	〒243-0817 神奈川県厚木市王子1-1-1	046-221-3158	046-222-8204	http://www.atsugihigashi-h.pen-kanagawa.ed.jp/	(全日制)普通科	[[Category:神奈川県]]	[[Category:図書館]]	[[Category:学校図書館]]	[[Category:高等学校]]
神奈川県立厚木北高等学校	かながわけんりつあつぎきたこうとうがっこう	〒243-0203 神奈川県厚木市下荻野886	046-241-8001	046-242-6948	http://www.atsugikita-h.pen-kanagawa.ed.jp/	(全日制)普通科	[[Category:神奈川県]]	[[Category:図書館]]	[[Category:学校図書館]]	[[Category:高等学校]]
神奈川県立向の岡工業高等学校	かながわけんりつむかいのおかこうぎょうこうとうがっこう	〒214-0022 神奈川県川崎市多摩区堰1-28-1	(全日制)044-833-5221 / (定時制)044-833-6544	044-812-6556	http://www.mukainooka-th.pen-kanagawa.ed.jp/	(全日制)機械科・電気科・建設科 / (定時制)総合学科	[[Category:神奈川県]]	[[Category:図書館]]	[[Category:学校図書館]]	[[Category:高等学校]]
神奈川県立港北高等学校	かながわけんりつこうほくこうとうがっこう	〒222-0037 神奈川県横浜市港北区大倉山7-35-1	045-541-6251	045-545-7871	http://www.kohoku-h.pen-kanagawa.ed.jp/	(全日制)普通科	[[Category:神奈川県]]	[[Category:図書館]]	[[Category:学校図書館]]	[[Category:高等学校]]
神奈川県立高浜高等学校	かながわけんりつたかはまこうとうがっこう	〒254-0805 神奈川県平塚市高浜台8-1	0463-21-0417	0463-23-7138	http://www.takahama-h.pen-kanagawa.ed.jp/	(全日制)普通科	[[Category:神奈川県]]	[[Category:図書館]]	[[Category:学校図書館]]	[[Category:高等学校]]
神奈川県立座間高等学校	かながわけんりつざまこうとうがっこう	〒252-0024 神奈川県座間市入谷2-262	046-253-2011	046-252-5452	http://www.zama-h.pen-kanagawa.ed.jp/	(全日制)普通科	[[Category:神奈川県]]	[[Category:図書館]]	[[Category:学校図書館]]	[[Category:高等学校]]
神奈川県立座間総合高等学校	かながわけんりつざまそうごうこうとうがっこう	〒252-0013 神奈川県座間市栗原2487	046-253-2920	046-252-6020	http://www.zamasogo-ih.pen-kanagawa.ed.jp/index.html	(全日制)総合学科	[[Category:神奈川県]]	[[Category:図書館]]	[[Category:学校図書館]]	[[Category:高等学校]]
神奈川県立三浦臨海高等学校	かながわけんりつみうらりんかいこうとうがっこう	〒252-0116 神奈川県三浦市初声町入江274-2	046-889-1771	046-888-3857	http://www.miurarinkai-h.pen-kanagawa.ed.jp/	(全日制)普通科	[[Category:神奈川県]]	[[Category:図書館]]	[[Category:学校図書館]]	[[Category:高等学校]]
神奈川県立山北高等学校	かながわけんりつやまきたこうとうがっこう	〒258-0111 神奈川県足柄上郡山北町向原2370	0465-75-0828	0465-75-1770	http://www.yamakita-h.pen-kanagawa.ed.jp/	(全日制)普通科	[[Category:神奈川県]]	[[Category:図書館]]	[[Category:学校図書館]]	[[Category:高等学校]]
神奈川県立市ケ尾高等学校	かながわけんりついちがおこうとうがっこう	〒225-0024 神奈川県横浜市青葉区市ヶ尾1854	045-971-2041	045-972-6522	http://www.ichigao-h.pen-kanagawa.ed.jp/	(全日制)普通科	[[Category:神奈川県]]	[[Category:図書館]]	[[Category:学校図書館]]	[[Category:高等学校]]
神奈川県立七里ガ浜高等学校	かながわけんりつしちりがはまこうとうがっこう	〒248-0025 神奈川県鎌倉市七里ガ浜東2-3-1	0467-32-5457	0467-32-7202	http://www.shichirigahama-h.pen-kanagawa.ed.jp/	(全日制)普通科	[[Category:神奈川県]]	[[Category:図書館]]	[[Category:学校図書館]]	[[Category:高等学校]]
神奈川県立住吉高等学校	かながわけんりつすみよしこうとうがっこう	〒211-0021 神奈川県川崎市中原区木月住吉町34-1	044-433-8555	044-433-8760	http://www.sumiyoshi-h.pen-kanagawa.ed.jp/	(全日制)普通科	[[Category:神奈川県]]	[[Category:図書館]]	[[Category:学校図書館]]	[[Category:高等学校]]
神奈川県立商工高等学校	かながわけんりつしょうこうこうとうがっこう	〒240-0035 神奈川県横浜市保土ヶ谷区今井町743	045-353-0591	045-353-1565	http://www.shoko-h.pen-kanagawa.ed.jp/	(全日制)機械科・電気科・化学科・商業科・情報処理科・国際経済科	[[Category:神奈川県]]	[[Category:図書館]]	[[Category:学校図書館]]	[[Category:高等学校]]
神奈川県立小田原高等学校	かながわけんりつおだわらこうとうがっこう	〒250-0045 神奈川県小田原市城山3-26-1	(全日制)0465-23-1201 / (定時制)0465-23-1063	0465-23-6144	http://www.odawara-h.pen-kanagawa.ed.jp/	(全日制・定時制)普通科	[[Category:神奈川県]]	[[Category:図書館]]	[[Category:学校図書館]]	[[Category:高等学校]]
神奈川県立小田原城北工業高等学校	かながわけんりつおだわらじょうほくこうぎょうこうとうがっこう	〒250-0852 神奈川県小田原市栢山200	(全日制)0465-36-0111 / (定時制)0465-36-0142	0465-37-5425	http://www.odawarajohoku-th.pen-kanagawa.ed.jp/	(全日制)機械科・建設科・電気科・デザイン科 / (定時制)機械科・電気科	[[Category:神奈川県]]	[[Category:図書館]]	[[Category:学校図書館]]	[[Category:高等学校]]
神奈川県立小田原総合ビジネス高等学校	かながわけんりつおだわらそうごうびじねすこうとうがっこう	〒250-0003 神奈川県小田原市東町4-12-1	0465-34-2847	0465-35-9038	http://www.odawarasogobiz-h.pen-kanagawa.ed.jp/index.html	(全日制)総合ビジネス科	[[Category:神奈川県]]	[[Category:図書館]]	[[Category:学校図書館]]	[[Category:高等学校]]
神奈川県立松陽高等学校	かながわけんりつしょうようこうとうがっこう	〒245-0016 神奈川県横浜市泉区和泉町7713	045-803-3036	045-802-9935	http://www.shoyo-h.pen-kanagawa.ed.jp/	(全日制)普通科	[[Category:神奈川県]]	[[Category:図書館]]	[[Category:学校図書館]]	[[Category:高等学校]]
神奈川県立湘南高等学校	かながわけんりつしょうなんこうとうがっこう	〒251-0021 神奈川県藤沢市鵠沼神明5-6-10	(全日制)0466-26-4151 / (定時制)0466-26-8141	0466-28-0020	http://www.shonan-h.pen-kanagawa.ed.jp/	(全日制)普通科 / (定時制)普通科	[[Category:神奈川県]]	[[Category:図書館]]	[[Category:学校図書館]]	[[Category:高等学校]]
神奈川県立湘南台高等学校	かながわけんりつしょうなんだいこうとうがっこう	〒252-0805 神奈川県藤沢市円行1986	0466-45-6600	0466-46-0787	http://www.shonandai-h.pen-kanagawa.ed.jp/	(全日制)普通科	[[Category:神奈川県]]	[[Category:図書館]]	[[Category:学校図書館]]	[[Category:高等学校]]
神奈川県立上溝高等学校	かながわけんりつかみみぞこうとうがっこう	〒252-0243 神奈川県相模原市中央区上溝6-5-1	042-762-0008	042-762-5873	http://www.kamimizo-h.pen-kanagawa.ed.jp/	(全日制)普通科	[[Category:神奈川県]]	[[Category:図書館]]	[[Category:学校図書館]]	[[Category:高等学校]]
神奈川県立上溝南高等学校	かながわけんりつかみみぞみなみこうとうがっこう	〒252-0243 神奈川県相模原市中央区上溝269	042-778-1981	042-778-4057	http://www.kamimizominami-h.pen-kanagawa.ed.jp/	(全日制)普通科	[[Category:神奈川県]]	[[Category:図書館]]	[[Category:学校図書館]]	[[Category:高等学校]]
神奈川県立上鶴間高等学校	かながわけんりつかみつるまこうとうがっこう	〒252-0318 神奈川県相模原市南区上鶴間本町9-31-1	042-743-5622	042-743-5803	http://www.kamitsuruma-h.pen-kanagawa.ed.jp/	(全日制)普通科	[[Category:神奈川県]]	[[Category:図書館]]	[[Category:学校図書館]]	[[Category:高等学校]]
神奈川県立上矢部高等学校	かながわけんりつかみやべこうとうがっこう	〒245-0053 神奈川県横浜市戸塚区上矢部町3230	045-861-3500	045-862-6347	http://www.kamiyabe-h.pen-kanagawa.ed.jp/	(全日制)普通科	[[Category:神奈川県]]	[[Category:図書館]]	[[Category:学校図書館]]	[[Category:高等学校]]
神奈川県立城郷高等学校	かながわけんりつしろさとこうとうがっこう	〒221-0862 神奈川県横浜市神奈川区三枚町364-1	045-382-5254	045-382-7691	http://www.shirosato-h.pen-kanagawa.ed.jp/	(全日制)普通科	[[Category:神奈川県]]	[[Category:図書館]]	[[Category:学校図書館]]	[[Category:高等学校]]
神奈川県立城山高等学校	かながわけんりつしろやまこうとうがっこう	〒252-0116 神奈川県相模原市緑区城山1-26-1	042-782-6565	042-782-1834	http://www.shiroyama-h.pen-kanagawa.ed.jp/	(全日制)普通科	[[Category:神奈川県]]	[[Category:図書館]]	[[Category:学校図書館]]	[[Category:高等学校]]
神奈川県立新羽高等学校	かながわけんりつにっぱこうとうがっこう	〒223-0057 神奈川県横浜市港北区新羽町1348	045-543-8631	045-545-7794	http://www.nippa-h.pen-kanagawa.ed.jp/	(全日制)普通科	[[Category:神奈川県]]	[[Category:図書館]]	[[Category:学校図書館]]	[[Category:高等学校]]
神奈川県立新栄高等学校	かながわけんりつしんえいこうとうがっこう	〒224-0035 神奈川県横浜市都筑区新栄町1-1	045-593-0307	045-591-5292	http://www.shinei-h.pen-kanagawa.ed.jp/	(全日制)普通科	[[Category:神奈川県]]	[[Category:図書館]]	[[Category:学校図書館]]	[[Category:高等学校]]
神奈川県立新城高等学校	かながわけんりつしんじょうこうとうがっこう	〒211-0042 神奈川県川崎市中原区下新城1-14-1	044-766-7457	044-752-7812	http://www.shinjo-h.pen-kanagawa.ed.jp/	(全日制)普通科	[[Category:神奈川県]]	[[Category:図書館]]	[[Category:学校図書館]]	[[Category:高等学校]]
神奈川県立深沢高等学校	かながわけんりつふかさわこうとうがっこう	〒248-0036 神奈川県鎌倉市手広6-4-1	0467-31-6600	0467-31-3350	http://www.fukasawa-h.pen-kanagawa.ed.jp/	(全日制)普通科	[[Category:神奈川県]]	[[Category:図書館]]	[[Category:学校図書館]]	[[Category:高等学校]]
神奈川県立神奈川工業高等学校	かながわけんりつかながわこうぎょうこうとうがっこう	〒221-0812 神奈川県横浜市神奈川区平川町19-1	(全日制)045-491-9461 / (定時制)045-491-9443	045-413-4101	http://www.kanagawa-th.pen-kanagawa.ed.jp/	(全日制)機械科・建設科・電気科・デザイン科 / (定時制)機械科・建設科・電気科	[[Category:神奈川県]]	[[Category:図書館]]	[[Category:学校図書館]]	[[Category:高等学校]]
神奈川県立神奈川総合高等学校	かながわけんりつかながわそうごうこうとうがっこう	〒221-0812 神奈川県横浜市神奈川区平川町19-2	045-491-2000	045-491-3190	http://www.kanagawasohgoh-h.pen-kanagawa.ed.jp/	(全日制)普通科	[[Category:神奈川県]]	[[Category:図書館]]	[[Category:学校図書館]]	[[Category:高等学校]]
神奈川県立神奈川総合産業高等学校	かながわけんりつかながわそうごうさんぎょうこうとうがっこう	〒252-0307 神奈川県相模原市南区文京1-11-1	(全日制)042-742-6111 / (定時制)042-742-5707	042-740-2851	http://www.kanagawasogosangyo-h.pen-kanagawa.ed.jp/	(全日制・定時制)総合学科	[[Category:神奈川県]]	[[Category:図書館]]	[[Category:学校図書館]]	[[Category:高等学校]]
神奈川県立秦野高等学校	かながわけんりつはだのこうとうがっこう	〒252-0159 神奈川県秦野市下大槻113	0463-77-1422	0463-79-1886	http://www.hadano-h.pen-kanagawa.ed.jp/	(全日制)普通科	[[Category:神奈川県]]	[[Category:図書館]]	[[Category:学校図書館]]	[[Category:高等学校]]
神奈川県立秦野曽屋高等学校	かながわけんりつはだのそやこうとうがっこう	〒257-0031 神奈川県秦野市曽屋3613-1	0463-82-4000	0463-83-5342	http://www.hadanosoya-h.pen-kanagawa.ed.jp/	(全日制)普通科	[[Category:神奈川県]]	[[Category:図書館]]	[[Category:学校図書館]]	[[Category:高等学校]]
神奈川県立秦野総合高等学校	かながわけんりつはだのそうごうこうとうがっこう	〒257-0013 神奈川県秦野市南が丘1-4-1	(全日制)0463-82-1400 / (定時制)0463-82-1434	0463-83-4092	http://www.hadanosogo-ih.pen-kanagawa.ed.jp/	(全日制・定時制)総合学科	[[Category:神奈川県]]	[[Category:図書館]]	[[Category:学校図書館]]	[[Category:高等学校]]
神奈川県立逗子高等学校	かながわけんりつずしこうとうがっこう	〒249-0003 神奈川県逗子市池子4-1025	046-871-3218	046-871-0494	http://www.zushi-h.pen-kanagawa.ed.jp/	(全日制)普通科	[[Category:神奈川県]]	[[Category:図書館]]	[[Category:学校図書館]]	[[Category:高等学校]]
神奈川県立逗葉高等学校	かながわけんりつずようこうとうがっこう	〒249-0005 神奈川県逗子市桜山5-24-1	046-873-7322	046-873-9045	http://www.zuyo-h.pen-kanagawa.ed.jp/	(全日制)普通科	[[Category:神奈川県]]	[[Category:図書館]]	[[Category:学校図書館]]	[[Category:高等学校]]
神奈川県立菅高等学校	かながわけんりつすげこうとうがっこう	〒214-0004 神奈川県川崎市多摩区菅馬場4-2-1	044-944-4141	044-944-9190	http://www.suge-h.pen-kanagawa.ed.jp/	(全日制)普通科	[[Category:神奈川県]]	[[Category:図書館]]	[[Category:学校図書館]]	[[Category:高等学校]]
神奈川県立瀬谷高等学校	かながわけんりつせやこうとうがっこう	〒246-0011 神奈川県横浜市瀬谷区東野台29-1	045-301-6747	045-304-2955	http://www.seya-h.pen-kanagawa.ed.jp/	(全日制)普通科	[[Category:神奈川県]]	[[Category:図書館]]	[[Category:学校図書館]]	[[Category:高等学校]]
神奈川県立瀬谷西高等学校	かながわけんりつせやにしこうとうがっこう	〒246-0004 神奈川県横浜市瀬谷区中屋敷2-2-5	045-302-3535	045-304-2909	http://www.seyanishi-h.pen-kanagawa.ed.jp/	(全日制)普通科	[[Category:神奈川県]]	[[Category:図書館]]	[[Category:学校図書館]]	[[Category:高等学校]]
神奈川県立生田高等学校	かながわけんりついくたこうとうがっこう	〒214-0035 神奈川県川崎市多摩区長沢3-17-1	044-977-3800	044-976-9398	http://www.ikuta-h.pen-kanagawa.ed.jp/	(全日制)普通科	[[Category:神奈川県]]	[[Category:図書館]]	[[Category:学校図書館]]	[[Category:高等学校]]
神奈川県立生田東高等学校	かながわけんりついくたひがしこうとうがっこう	〒214-0038 神奈川県川崎市多摩区生田4-32-1	044-932-1211	044-934-4648	http://www.ikutahigashi-h.pen-kanagawa.ed.jp/	(全日制)普通科	[[Category:神奈川県]]	[[Category:図書館]]	[[Category:学校図書館]]	[[Category:高等学校]]
神奈川県立西湘高等学校	かながわけんりつせいしょうこうとうがっこう	〒256-0816 神奈川県小田原市酒匂1-3-1	0465-47-2171	0465-48-2350	http://www.seisho-h.pen-kanagawa.ed.jp/	(全日制)普通科	[[Category:神奈川県]]	[[Category:図書館]]	[[Category:学校図書館]]	[[Category:高等学校]]
神奈川県立川崎工科高等学校	かながわけんりつかわさきこうかこうとうがっこう	〒211-0013 神奈川県川崎市中原区上平間1700-7	044-511-0114	044-549-0138	http://www.kawasakikoka-th.pen-kanagawa.ed.jp/	(全日制)総合技術科	[[Category:神奈川県]]	[[Category:図書館]]	[[Category:学校図書館]]	[[Category:高等学校]]
神奈川県立川崎高等学校	かながわけんりつかわさきこうとうがっこう	〒210-0845 神奈川県川崎市川崎区渡田山王町22-6	(全日制)046-851-0120 / (定時制)046-851-0498	046-851-5282	http://www.kawasaki-h.pen-kanagawa.ed.jp/	(全日制)普通科 / (定時制)普通科	[[Category:神奈川県]]	[[Category:図書館]]	[[Category:学校図書館]]	[[Category:高等学校]]
神奈川県立川崎北高等学校	かながわけんりつかわさききたこうとうがっこう	〒216-0003 神奈川県川崎市宮前区有馬3-22-1	044-855-2631	044-855-7769	http://www.kawasakikita-h.pen-kanagawa.ed.jp/	(全日制)普通科	[[Category:神奈川県]]	[[Category:図書館]]	[[Category:学校図書館]]	[[Category:高等学校]]
神奈川県立川和高等学校	かながわけんりつかわわこうとうがっこう	〒224-0057 神奈川県横浜市都筑区川和町2226-1	045-941-2436	045-942-0826	http://www.kawawa-h.pen-kanagawa.ed.jp/	(全日制)普通科	[[Category:神奈川県]]	[[Category:図書館]]	[[Category:学校図書館]]	[[Category:高等学校]]
神奈川県立相原高等学校	かながわけんりつあいはらこうとうがっこう	〒252-0143 神奈川県相模原市緑区橋本2-1-58	042-772-0331	042-772-9734	http://www.aihara-h.pen-kanagawa.ed.jp/	(全日制)畜産科学科・食品科学科・環境土木科・商業科・国際経済科・情報処理科	[[Category:神奈川県]]	[[Category:図書館]]	[[Category:学校図書館]]	[[Category:高等学校]]
神奈川県立相模原高等学校	かながわけんりつさがみはらこうとうがっこう	〒252-0242 神奈川県相模原市中央区横山1-7-20	042-752-4133	042-753-6348	http://www.sagamihara-h.pen-kanagawa.ed.jp/	(全日制)普通科	[[Category:神奈川県]]	[[Category:図書館]]	[[Category:学校図書館]]	[[Category:高等学校]]
神奈川県立相模原青陵高等学校	かながわけんりつさがみはらせいりょうこうとうがっこう	〒252-0325 神奈川県相模原市南区新磯野468	042-747-0531	042-740-2848	http://www.sagamiharaseiryo-h.pen-kanagawa.ed.jp/	(全日制)普通科	[[Category:神奈川県]]	[[Category:図書館]]	[[Category:学校図書館]]	[[Category:高等学校]]
神奈川県立相模原総合高等学校	かながわけんりつさがみはらそうごうこうとうがっこう	〒252-0135 神奈川県相模原市緑区大島1226	042-761-5055	042-763-3807	http://www.sagamiharasogo-ih.pen-kanagawa.ed.jp/	(全日制)総合学科	[[Category:神奈川県]]	[[Category:図書館]]	[[Category:学校図書館]]	[[Category:高等学校]]
神奈川県立相模向陽館高等学校	かながわけんりつさがみこうようかんこうとうがっこう	〒252-0003 神奈川県座間市ひばりが丘3-58-1	046-298-3455	046-298-3458	http://www.sagamikoyokan-h.pen-kanagawa.ed.jp/	(定時制)普通科	[[Category:神奈川県]]	[[Category:図書館]]	[[Category:学校図書館]]	[[Category:高等学校]]
神奈川県立相模大野高等学校	かながわけんりつさがみおおのこうとうがっこう	〒252-0303 神奈川県相模原市南区相模大野4-1-1	042-749-1155	042-740-2852	http://www.sagamiono-h.pen-kanagawa.ed.jp/	(全日制)普通科	[[Category:神奈川県]]	[[Category:図書館]]	[[Category:学校図書館]]	[[Category:高等学校]]
神奈川県立相模田名高等学校	かながわけんりつさがみたなこうとうがっこう	〒252-0244 神奈川県相模原市中央区田名6786-1	042-761-3339	042-763-3802	http://www.sagamitana-h.pen-kanagawa.ed.jp/	(全日制)普通科	[[Category:神奈川県]]	[[Category:図書館]]	[[Category:学校図書館]]	[[Category:高等学校]]
神奈川県立足柄高等学校	かながわけんりつあしがらこうとうがっこう	〒250-0106 神奈川県南足柄市怒田860	0465-73-0010	0465-73-3278	http://www.ashigara-h.pen-kanagawa.ed.jp/	(全日制)普通科	[[Category:神奈川県]]	[[Category:図書館]]	[[Category:学校図書館]]	[[Category:高等学校]]
神奈川県立多摩高等学校	かながわけんりつたまこうとうがっこう	〒214-0021 神奈川県川崎市多摩区宿河原5-14-1	044-911-7107	044-934-4650	http://www.tama-h.pen-kanagawa.ed.jp/	(全日制)普通科	[[Category:神奈川県]]	[[Category:図書館]]	[[Category:学校図書館]]	[[Category:高等学校]]
神奈川県立大井高等学校	かながわけんりつおおいこうとうがっこう	〒258-0017 神奈川県足柄上郡大井町西大井984-1	0465-83-4101	0465-83-6222	http://www.oi-h.pen-kanagawa.ed.jp/	(全日制)普通科	[[Category:神奈川県]]	[[Category:図書館]]	[[Category:学校図書館]]	[[Category:高等学校]]
神奈川県立大磯高等学校	かながわけんりつおおいそこうとうがっこう	〒255-0002 神奈川県中郡大磯町東町2-9-1	0463-61-0058	0463-61-7982	http://www.oiso-h.pen-kanagawa.ed.jp/	(全日制)普通科	[[Category:神奈川県]]	[[Category:図書館]]	[[Category:学校図書館]]	[[Category:高等学校]]
神奈川県立大原高等学校	かながわけんりつおおはらこうとうがっこう	〒254-0074 神奈川県平塚市大原1-13	0463-34-0370	0463-34-3866	http://www.ohara-h.pen-kanagawa.ed.jp/	(全日制)普通科	[[Category:神奈川県]]	[[Category:図書館]]	[[Category:学校図書館]]	[[Category:高等学校]]
神奈川県立大師高等学校	かながわけんりつだいしこうとうがっこう	〒210-0827 神奈川県川崎市川崎区四谷下町25-1	044-276-1201	044-266-5961	http://www.daishi-ih.pen-kanagawa.ed.jp/	(全日制)総合学科	[[Category:神奈川県]]	[[Category:図書館]]	[[Category:学校図書館]]	[[Category:高等学校]]
神奈川県立大船高等学校	かながわけんりつおおふなこうとうがっこう	〒247-0054 神奈川県鎌倉市高野8-1	0467-47-1811	0467-43-4856	http://www.ofuna-h.pen-kanagawa.ed.jp/	(全日制)普通科	[[Category:神奈川県]]	[[Category:図書館]]	[[Category:学校図書館]]	[[Category:高等学校]]
神奈川県立大楠高等学校	かながわけんりつおおぐすこうとうがっこう	〒240-0102 神奈川県横須賀市荻野14-1	046-856-0024	046-857-6354	http://www.ogusu-h.pen-kanagawa.ed.jp/	(全日制)普通科	[[Category:神奈川県]]	[[Category:図書館]]	[[Category:学校図書館]]	[[Category:高等学校]]
神奈川県立大和高等学校	かながわけんりつやまとこうとうがっこう	〒242-0002 神奈川県大和市つきみ野3-4	046-274-0026	046-277-0691	http://www.yamato-h.pen-kanagawa.ed.jp/	(全日制)普通科	[[Category:神奈川県]]	[[Category:図書館]]	[[Category:学校図書館]]	[[Category:高等学校]]
神奈川県立大和西高等学校	かながわけんりつやまとにしこうとうがっこう	〒242-0006 神奈川県大和市南林間9-5-1	046-276-1155	046-277-0681	http://www.yamatonishi-h.pen-kanagawa.ed.jp/	(全日制)普通科	[[Category:神奈川県]]	[[Category:図書館]]	[[Category:学校図書館]]	[[Category:高等学校]]
神奈川県立大和東高等学校	かながわけんりつやまとひがしこうとうがっこう	〒242-0011 神奈川県大和市深見1760	046-264-1515	046-262-3655	http://www.yamatohigashi-h.pen-kanagawa.ed.jp/	(全日制)普通科	[[Category:神奈川県]]	[[Category:図書館]]	[[Category:学校図書館]]	[[Category:高等学校]]
神奈川県立大和南高等学校	かながわけんりつやまとみなみこうとうがっこう	〒242-0014 神奈川県大和市上和田2557	046-269-5050	046-268-4390	http://www.yamatominami-h.pen-kanagawa.ed.jp/	(全日制)普通科	[[Category:神奈川県]]	[[Category:図書館]]	[[Category:学校図書館]]	[[Category:高等学校]]
神奈川県立中央農業高等学校	かながわけんりつちゅうおうのうぎょうこうとうがっこう	〒243-0422 神奈川県海老名市中新田4-12-1	046-231-5202	046-231-1599	http://www.chuo-ah.pen-kanagawa.ed.jp/	(全日制)園芸科学科・畜産科学科・生産流通科	[[Category:神奈川県]]	[[Category:図書館]]	[[Category:学校図書館]]	[[Category:高等学校]]
神奈川県立津久井高等学校	かながわけんりつつくいこうとうがっこう	〒252-0159 神奈川県相模原市緑区三ヶ木272-1	(全日制)0463-95-2578 / (定時制)0463-95-5968	0463-96-2558	http://www.tsukui-h.pen-kanagawa.ed.jp/	(全日制)普通科 / (定時制)普通科	[[Category:神奈川県]]	[[Category:図書館]]	[[Category:学校図書館]]	[[Category:高等学校]]
神奈川県立津久井浜高等学校	かながわけんりつつくいはまこうとうがっこう	〒239-0843 神奈川県横須賀市津久井4-4-1	046-848-2121	046-848-8939	http://www.tsukuihama-h.pen-kanagawa.ed.jp/	(全日制)普通科	[[Category:神奈川県]]	[[Category:図書館]]	[[Category:学校図書館]]	[[Category:高等学校]]
神奈川県立追浜高等学校	かながわけんりつおっぱまこうとうがっこう	〒237-0061 神奈川県横須賀市夏島町13	(全日制)046-865-4174 / (定時制)046-865-6912	046-865-9891	http://www.oppama-h.pen-kanagawa.ed.jp/	(全日制)普通科 / (定時制)普通科	[[Category:神奈川県]]	[[Category:図書館]]	[[Category:学校図書館]]	[[Category:高等学校]]
神奈川県立鶴見高等学校	かながわけんりつつるみこうとうがっこう	〒230-0012 神奈川県横浜市鶴見区下末吉6-2-1	045-581-4692	045-584-8505	http://www.tsurumi-h.pen-kanagawa.ed.jp/	(全日制)普通科	[[Category:神奈川県]]	[[Category:図書館]]	[[Category:学校図書館]]	[[Category:高等学校]]
神奈川県立鶴見総合高等学校	かながわけんりつつるみそうごうこうとうがっこう	〒230-0031 神奈川県横浜市鶴見区平安町2-28-8	045-506-1234	045-504-8733	http://www.tsurumisogo-ih.pen-kanagawa.ed.jp/	(全日制)総合学科	[[Category:神奈川県]]	[[Category:図書館]]	[[Category:学校図書館]]	[[Category:高等学校]]
神奈川県立鶴嶺高等学校	かながわけんりつつるみねこうとうがっこう	〒253-0084 神奈川県茅ヶ崎市円蔵1-16-1	0467-52-6601	0467-54-2124	http://www.tsurumine-h.pen-kanagawa.ed.jp/	(全日制)普通科	[[Category:神奈川県]]	[[Category:図書館]]	[[Category:学校図書館]]	[[Category:高等学校]]
神奈川県立田奈高等学校	かながわけんりつたなこうとうがっこう	〒227-0034 神奈川県横浜市青葉区桂台2-39-2	045-962-3135	045-962-9039	http://www.tana-h.pen-kanagawa.ed.jp/	(全日制)普通科	[[Category:神奈川県]]	[[Category:図書館]]	[[Category:学校図書館]]	[[Category:高等学校]]
神奈川県立藤沢工科高等学校	かながわけんりつふじさわこうかこうとうがっこう	〒252-0803 神奈川県藤沢市今田744	0466-43-3402	0466-43-4942	http://www.fujisawakoka-th.pen-kanagawa.ed.jp/	(全日制)総合技術科	[[Category:神奈川県]]	[[Category:図書館]]	[[Category:学校図書館]]	[[Category:高等学校]]
神奈川県立藤沢清流高等学校	かながわけんりつふじさわせいりゅうこうとうがっこう	〒251-0002 神奈川県藤沢市大鋸1450	0466-82-8111	0466-83-3536	http://www.fujisawaseiryu-h.pen-kanagawa.ed.jp/index.html	(全日制)普通科	[[Category:神奈川県]]	[[Category:図書館]]	[[Category:学校図書館]]	[[Category:高等学校]]
神奈川県立藤沢西高等学校	かながわけんりつふじさわにしこうとうがっこう	〒251-0861 神奈川県藤沢市大庭3608-2	0466-87-2150	0466-87-9704	http://www.fujisawanishi-h.pen-kanagawa.ed.jp/	(全日制)普通科	[[Category:神奈川県]]	[[Category:図書館]]	[[Category:学校図書館]]	[[Category:高等学校]]
神奈川県立藤沢総合高等学校	かながわけんりつふじさわそうごうこうとうがっこう	〒252-0801 神奈川県藤沢市長後1909	0466-45-5200	0466-46-0817	http://www.fujisawasogo-ih.pen-kanagawa.ed.jp/	(全日制)総合学科	[[Category:神奈川県]]	[[Category:図書館]]	[[Category:学校図書館]]	[[Category:高等学校]]
神奈川県立二宮高等学校	かながわけんりつにのみやこうとうがっこう	〒259-0134 神奈川県中郡二宮町一色1363	0463-71-3215	0463-73-3027	http://www.ninomiya-h.pen-kanagawa.ed.jp/	(全日制)普通科	[[Category:神奈川県]]	[[Category:図書館]]	[[Category:学校図書館]]	[[Category:高等学校]]
神奈川県立二俣川看護福祉高等学校	かながわけんりつふたまたがわかんごふくしこうとうがっこう	〒241-0815 神奈川県横浜市旭区中尾1-5-1	045-391-6165	045-361-9777	http://www.futamatagawa-h.pen-kanagawa.ed.jp/	(全日制)看護科・福祉科	[[Category:神奈川県]]	[[Category:図書館]]	[[Category:学校図書館]]	[[Category:高等学校]]
神奈川県立柏陽高等学校	かながわけんりつはくようこうとうがっこう	〒247-0004 神奈川県横浜市栄区柏陽1-1	045-892-2105	045-895-0856	http://www.hakuyo-h.pen-kanagawa.ed.jp/	(全日制)普通科	[[Category:神奈川県]]	[[Category:図書館]]	[[Category:学校図書館]]	[[Category:高等学校]]
神奈川県立白山高等学校	かながわけんりつはくさんこうとうがっこう	〒226-0006 神奈川県横浜市緑区白山4-71-1	045-933-2231	045-935-0573	http://www.hakusan-h.pen-kanagawa.ed.jp/	(全日制)普通科	[[Category:神奈川県]]	[[Category:図書館]]	[[Category:学校図書館]]	[[Category:高等学校]]
神奈川県立百合丘高等学校	かながわけんりつゆりがおかこうとうがっこう	〒214-0036 神奈川県川崎市多摩区南生田4-2-1	044-977-8955	044-976-8735	http://www.yurigaoka-h.pen-kanagawa.ed.jp/	(全日制)普通科	[[Category:神奈川県]]	[[Category:図書館]]	[[Category:学校図書館]]	[[Category:高等学校]]
神奈川県立氷取沢高等学校	かながわけんりつひとりざわこうとうがっこう	〒235-0043 神奈川県横浜市磯子区氷取沢町938-2	045-772-0606	045-776-2468	http://www.hitorizawa-h.pen-kanagawa.ed.jp/	(全日制)普通科	[[Category:神奈川県]]	[[Category:図書館]]	[[Category:学校図書館]]	[[Category:高等学校]]
神奈川県立舞岡高等学校	かながわけんりつまいおかこうとうがっこう	〒244-0814 神奈川県横浜市戸塚区南舞岡3-36-1	045-823-8761	045-825-3573	http://www.maioka-h.pen-kanagawa.ed.jp/	(全日制)普通科	[[Category:神奈川県]]	[[Category:図書館]]	[[Category:学校図書館]]	[[Category:高等学校]]
神奈川県立平塚江南高等学校	かながわけんりつひらつかこうなんこうとうがっこう	〒254-0063 神奈川県平塚市諏訪町5-1	0463-31-2066	0463-31-5363	http://www.hiratsukakonan-h.pen-kanagawa.ed.jp/	(全日制)普通科	[[Category:神奈川県]]	[[Category:図書館]]	[[Category:学校図書館]]	[[Category:高等学校]]
神奈川県立平塚商業高等学校	かながわけんりつひらつかしょうぎょうこうとうがっこう	〒254-0054 神奈川県平塚市中里50-1	(全日制)0463-31-2385 / (定時制)0463-31-1658	0463-34-4494	http://www.hiratsuka-ch.pen-kanagawa.ed.jp/	(全日制)商業科・国際経済科・情報処理科 / (定時制)総合学科	[[Category:神奈川県]]	[[Category:図書館]]	[[Category:学校図書館]]	[[Category:高等学校]]
神奈川県立平塚湘風高等学校	かながわけんりつひらつかしょうふうこうとうがっこう	〒254-0013 神奈川県平塚市田村3-13-1	0463-55-1532	0463-54-8299	http://hiratsukashofu-h.pen-kanagawa.ed.jp/	(全日制)普通科	[[Category:神奈川県]]	[[Category:図書館]]	[[Category:学校図書館]]	[[Category:高等学校]]
神奈川県立平塚農業高等学校	かながわけんりつひらつかのうぎょうこうとうがっこう	〒254-0064 神奈川県平塚市達上ヶ丘10-10	0463-31-0944	0463-34-9384	http://www.hiratsuka-ah.pen-kanagawa.ed.jp/	(全日制)食品科学科・園芸科学科・生産流通科<br/>分校：[[神奈川県立平塚農業高校初声分校]]	[[Category:神奈川県]]	[[Category:図書館]]	[[Category:学校図書館]]	[[Category:高等学校]]
神奈川県立平塚農業高等学校初声分校	かながわけんりつひらつかのうぎょうこうとうがっこうはっせぶんこう	〒238-0114 神奈川県三浦市初声町和田3023-1	046-888-1036	046-888-1493	http://www.hiratsuka-ah-b.pen-kanagawa.ed.jp/	(定時制)園芸科学科<br/>本校：[[神奈川県立平塚農業高等学校初声分校]]	[[Category:神奈川県]]	[[Category:図書館]]	[[Category:学校図書館]]	[[Category:高等学校]]
神奈川県立平犢科高等学校	かながわけんりつひらつかこうかこうとうがっこう	〒254-0821 神奈川県平塚市黒部丘12-7	0463-31-0417	0463-32-6983	http://www.hiratsukakoka-th.pen-kanagawa.ed.jp/	(全日制)総合技術科	[[Category:神奈川県]]	[[Category:図書館]]	[[Category:学校図書館]]	[[Category:高等学校]]
神奈川県立保土ケ谷高等学校	かながわけんりつほどがやこうとうがっこう	〒240-0045 神奈川県横浜市保土ヶ谷区川島町1557	045-371-7781	045-371-4560	http://www.hodogaya-h.pen-kanagawa.ed.jp/	(全日制)普通科	[[Category:神奈川県]]	[[Category:図書館]]	[[Category:学校図書館]]	[[Category:高等学校]]
神奈川県立麻溝台高等学校	かながわけんりつあさみぞだいこうとうがっこう	〒252-0329 神奈川県相模原市南区北里2-11-1	042-778-2731	042-778-4094	http://www.asamizodai-h.pen-kanagawa.ed.jp/	(全日制)普通科	[[Category:神奈川県]]	[[Category:図書館]]	[[Category:学校図書館]]	[[Category:高等学校]]
神奈川県立麻生高等学校	かながわけんりつあさおこうとうがっこう	〒215-0006 神奈川県川崎市麻生区金程3-4-1	044-966-7766	044-953-9234	http://www.asao-h.pen-kanagawa.ed.jp/	(全日制)普通科	[[Category:神奈川県]]	[[Category:図書館]]	[[Category:学校図書館]]	[[Category:高等学校]]
神奈川県立麻生総合高等学校	かながわけんりつあさおそうごうこうとうがっこう	〒215-0023 神奈川県川崎市麻生区片平1778	044-987-1750	044-989-6074	http://www.asaosogo-ih.pen-kanagawa.ed.jp/	(全日制)総合学科	[[Category:神奈川県]]	[[Category:図書館]]	[[Category:学校図書館]]	[[Category:高等学校]]
神奈川県立霧が丘高等学校	かながわけんりつきりがおかこうとうがっこう	〒226-0016 神奈川県横浜市緑区霧が丘6-16-1	045-921-6911	045-923-0753	http://www.kirigaoka-h.pen-kanagawa.ed.jp/	(全日制)普通科	[[Category:神奈川県]]	[[Category:図書館]]	[[Category:学校図書館]]	[[Category:高等学校]]
神奈川県立弥栄高等学校	かながわけんりつやえいこうとうがっこう	〒252-0229 神奈川県相模原市中央区弥栄3-1-8	042-758-4695	042-751-6137	http://www.yaei-h.pen-kanagawa.ed.jp/	(全日制)国際科・芸術科・スポーツ科学科・理数科	[[Category:神奈川県]]	[[Category:図書館]]	[[Category:学校図書館]]	[[Category:高等学校]]
神奈川県立有馬高等学校	かながわけんりつありまこうとうがっこう	〒243-0424 神奈川県海老名市社家240	046-238-1333	046-238-7980	http://www.arima-h.pen-kanagawa.ed.jp/	(全日制)普通科	[[Category:神奈川県]]	[[Category:図書館]]	[[Category:学校図書館]]	[[Category:高等学校]]
川崎市立橘高等学校	かわさきしりつたちばなこうとうがっこう	〒211-0012 神奈川県川崎市中原区中丸子562	044-411-2640	044-422-7412	http://www.keins.city.kawasaki.jp/school/original/ke500401.html	(全日制)普通科・国際科・スポーツ科 / (定時制)普通科	[[Category:神奈川県]]	[[Category:図書館]]	[[Category:学校図書館]]	[[Category:高等学校]]
川崎市立高津高等学校	かわさきしりつたかつこうとうがっこう	〒213-0011 神奈川県川崎市高津区久本3-11-1	044-811-2555	044-812-7030	http://www.keins.city.kawasaki.jp/school/original/ke500501.html	(全日制・定時制)普通科	[[Category:神奈川県]]	[[Category:図書館]]	[[Category:学校図書館]]	[[Category:高等学校]]
川崎市立商業高等学校	かわさきしりつしょうぎょうこうとうがっこう	〒212-0023 神奈川県川崎市幸区戸手本町1-150	044-522-0125	044-555-7554	http://www.kch.ac.jp/	(全日制)ビジネス教養科 / (定時制)商業科・普通科	[[Category:神奈川県]]	[[Category:図書館]]	[[Category:学校図書館]]	[[Category:高等学校]]
川崎市立川崎高等学校	かわさきしりつかわさきこうとうがっこう	〒210-0806 神奈川県川崎市川崎区中島3-3-1	044-244-4981	044-211-8295	http://www.keins.city.kawasaki.jp/school/original/ke500101.html	(全日制)普通科・生活科学科・福祉科 / (定時制)普通科	[[Category:神奈川県]]	[[Category:図書館]]	[[Category:学校図書館]]	[[Category:高等学校]]
川崎市立川崎総合科学高等学校	かわさきしりつかわさきそうごうかがくこうとうがっこう	〒212-0002 神奈川県川崎市幸区小向仲野町5-1	044-511-7336	044-511-9796	http://www.kst-h.ed.jp/	(全日制)情報工学科・総合電気科・電子機械科・建設工学科・デザイン科・科学科 / (定時制)電気科・電子科・機械科	[[Category:神奈川県]]	[[Category:図書館]]	[[Category:学校図書館]]	[[Category:高等学校]]
